{
  "count": 4,
  "results": [{
    "listing_image_id": 786457521,
    "hex_code": "000000",
    "red": 0,
    "green": 0,
    "blue": 0,
    "hue": 0,
    "saturation": 0,
    "brightness": 0,
    "is_black_and_white": null,
    "creation_tsz": 1434205167,
    "listing_id": 210529014,
    "rank": 1,
    "url_75x75": "https:\/\/img1.etsystatic.com\/061\/0\/7321706\/il_75x75.786457521_7ct1.jpg",
    "url_170x135": "https:\/\/img1.etsystatic.com\/061\/0\/7321706\/il_170x135.786457521_7ct1.jpg",
    "url_570xN": "https:\/\/img1.etsystatic.com\/061\/0\/7321706\/il_570xN.786457521_7ct1.jpg",
    "url_fullxfull": "https:\/\/img1.etsystatic.com\/061\/0\/7321706\/il_fullxfull.786457521_7ct1.jpg",
    "full_height": 1500,
    "full_width": 1500
  }, {
    "listing_image_id": 786457581,
    "hex_code": "000000",
    "red": 0,
    "green": 0,
    "blue": 0,
    "hue": 0,
    "saturation": 0,
    "brightness": 0,
    "is_black_and_white": null,
    "creation_tsz": 1434205167,
    "listing_id": 210529014,
    "rank": 2,
    "url_75x75": "https:\/\/img1.etsystatic.com\/067\/0\/7321706\/il_75x75.786457581_8tqp.jpg",
    "url_170x135": "https:\/\/img1.etsystatic.com\/067\/0\/7321706\/il_170x135.786457581_8tqp.jpg",
    "url_570xN": "https:\/\/img1.etsystatic.com\/067\/0\/7321706\/il_570xN.786457581_8tqp.jpg",
    "url_fullxfull": "https:\/\/img1.etsystatic.com\/067\/0\/7321706\/il_fullxfull.786457581_8tqp.jpg",
    "full_height": 1500,
    "full_width": 1500
  }, {
    "listing_image_id": 786749714,
    "hex_code": "000000",
    "red": 0,
    "green": 0,
    "blue": 0,
    "hue": 0,
    "saturation": 0,
    "brightness": 0,
    "is_black_and_white": null,
    "creation_tsz": 1434205167,
    "listing_id": 210529014,
    "rank": 3,
    "url_75x75": "https:\/\/img0.etsystatic.com\/062\/0\/7321706\/il_75x75.786749714_hlug.jpg",
    "url_170x135": "https:\/\/img0.etsystatic.com\/062\/0\/7321706\/il_170x135.786749714_hlug.jpg",
    "url_570xN": "https:\/\/img0.etsystatic.com\/062\/0\/7321706\/il_570xN.786749714_hlug.jpg",
    "url_fullxfull": "https:\/\/img0.etsystatic.com\/062\/0\/7321706\/il_fullxfull.786749714_hlug.jpg",
    "full_height": 1500,
    "full_width": 1500
  }, {
    "listing_image_id": 786457713,
    "hex_code": "000000",
    "red": 0,
    "green": 0,
    "blue": 0,
    "hue": 0,
    "saturation": 0,
    "brightness": 0,
    "is_black_and_white": null,
    "creation_tsz": 1434205167,
    "listing_id": 210529014,
    "rank": 4,
    "url_75x75": "https:\/\/img1.etsystatic.com\/061\/0\/7321706\/il_75x75.786457713_tcgn.jpg",
    "url_170x135": "https:\/\/img1.etsystatic.com\/061\/0\/7321706\/il_170x135.786457713_tcgn.jpg",
    "url_570xN": "https:\/\/img1.etsystatic.com\/061\/0\/7321706\/il_570xN.786457713_tcgn.jpg",
    "url_fullxfull": "https:\/\/img1.etsystatic.com\/061\/0\/7321706\/il_fullxfull.786457713_tcgn.jpg",
    "full_height": 1500,
    "full_width": 1500
  }],
  "params": {
    "listing_id": "210529014"
  },
  "type": "ListingImage",
  "pagination": {}
} %
